#,Employee Code,Employee Name,Assign. No.,Primary Payroll,From Process Period,To Process Period
1,REG0000101,TIM A,1,Yes,Jan-24,
2,REG0000102,TOM B,1,Yes,Jan-24,
3,REG0000103,TIMMY C,1,Yes,Jan-24,
4,REG0000104,TOMMY A,1,Yes,Jan-24,
5,REG0000105,JOHNIE B,1,Yes,Jan-24,
6,REG0000106,JONNY C,1,Yes,Jan-24,
7,REG0000107,JIM A,1,Yes,Jan-24,
8,REG0000108,JACKY B,1,Yes,Jan-24,
9,REG0000109,JACKIE C,1,Yes,Jan-24,
10,REG0000110,CHAN A,1,Yes,Jan-24,
11,REG0000111,CHIN B,1,Yes,Jan-24,
12,TEST000101,WON A,1,Yes,Jan-24,
13,TEST000102,KANEI A,1,Yes,Jan-24,
14,HDNU011734,EARNED DAY LV M,1,Yes,Apr-24,
15,HDNU011869,SHORT HOUR LV S,1,Yes,Apr-24,
16,HDNU011997,SPECIAL CMPOF LV S,1,Yes,Apr-24,
17,HDNU011800,PRIVILEGE LV S,1,Yes,Apr-24,
18,HDNU011483,MATERNITY LV S,1,Yes,Apr-24,
19,HDNU011906,WEEKLY LV A,1,Yes,Apr-24,
20,HDNU011957,WEEKLY PARA LV B,1,Yes,Apr-24,
21,HDNU011880,EARNED OFF LV N,1,Yes,Jan-24,
22,HDNU011894,PRIVILEGE OFF PB LV S,1,Yes,Jan-24,
23,HDNU011939,EARNED ALL LV A,1,Yes,Jan-24,
24,HDNU011916,EARNED RD LV B,1,Yes,Jan-24,
25,HDNU011936,EARNED RD PH LV C,1,Yes,Jan-24,
26,HDNU011938,EARNED OFF RD LV D,1,Yes,Jan-24,
27,HDNU011961,EARNED OFF SLV E,1,Yes,Jan-24,
28,HDNU011974,EARNED OFF PH SLV F,1,Yes,Jan-24,
29,HDNU012001,EARNED RD SLV G,1,Yes,Jan-24,
30,HDNU012011,EARNED RD PH SLV H,1,Yes,Jan-24,
31,HDNU012003,EARNED RD OFF SLV I,1,Yes,Jan-24,
32,HDNU012027,EARNED ALL SLV J,1,Yes,Jan-24,
33,HDNU012024,EARNED OFF PLV K,1,Yes,Jan-24,
34,HDNU012040,EARNED PH PLV L,1,Yes,Jan-24,
35,HDNU012144,EXAM LV M,1,Yes,Jan-24,
36,HDNU012165,PATERNITY ONE LV N,1,Yes,Jan-24,
37,HDNU010906,PRIVILEGE LDM LV A,1,Yes,Jan-24,
38,HDNU012214,EMERGENCY DOC LV B,1,Yes,Jan-24,
39,HDNU012556,MATRENITY EDIT LV,1,Yes,Jan-24,
40,HDNU012850,PAID APLY APR LV,1,Yes,Jan-24,
41,HDNU012865,APLY PAID TILE APR,1,Yes,Jan-24,
42,HDNU013756,APLY PAID DET LV,1,Yes,Jan-24,
43,HDNU-12858,APLY PAID BULK LV,1,Yes,Jan-24,
44,HDNU013829,APLY PAID APR CL,1,Yes,Jan-24,
45,HDNU011569,EXPENSE BASE C,1,Yes,Jan-24,
46,HDNU012387,EXPENSE MULTI CY,1,Yes,Jan-24,
47,HDNU012502,EXPENSE MULTI CC,1,Yes,Jan-24,
