#,Employee Code,Employee Name,Assign.No.,Assign.Info,Rota Schedule Code,Effective From,Effective To
1,HDNU011916,EARNED RD LV B,1,Primary-Assignment~1~01/01/2024,RS2,01-04-2024,31-03-2025
2,HDNU011936,EARNED RD PH LV C,1,Primary-Assignment~1~01/01/2024,RS2,01-04-2024,31-03-2025
3,HDNU011938,EARNED OFF RD LV D,1,Primary-Assignment~1~01/01/2024,RS2,01-04-2024,31-03-2025
4,HDNU012001,EARNED RD SLV G,1,Primary-Assignment~1~01/01/2024,RS2,01-04-2024,31-03-2025
5,HDNU012011,EARNED RD PH SLV H,1,Primary-Assignment~1~01/01/2024,RS2,01-04-2024,31-03-2025
6,HDNU012003,EARNED RD OFF SLV I,1,Primary-Assignment~1~01/01/2024,RS2,01-04-2024,31-03-2025
7,HDNU012027,EARNED ALL SLV J,1,Primary-Assignment~1~01/01/2024,RS2,01-04-2024,31-03-2025
