#,Employee Code,Employee Name,Assign.No.,Assign.Info,Rota Schedule Code,Effective From,Effective To
1,REG0000101,TIM A,1,Primary-Assignment~1~03/05/2019,RS1,01-04-2024,31-03-2025
2,REG0000102,TOM B,1,Primary-Assignment~1~03/05/2019,RS1,01-04-2024,31-03-2025
3,REG0000103,TIMMY C,1,Primary-Assignment~1~09/05/2019,RS1,01-04-2024,31-03-2025
4,REG0000104,TOMMY A,1,Primary-Assignment~1~09/05/2019,RS1,01-04-2024,31-03-2025
5,REG0000105,JOHNIE B,1,Primary-Assignment~1~09/05/2019,RS1,01-04-2024,31-03-2025
6,REG0000106,JONNY C,1,Primary-Assignment~1~03/05/2019,RS1,01-04-2024,31-03-2025
7,REG0000107,JIM A,1,Primary-Assignment~1~01/04/2019,RS1,01-04-2024,31-03-2025
8,REG0000108,JACKY B,1,Primary-Assignment~1~02/04/2019,RS1,01-04-2024,31-03-2025
9,REG0000109,JACKIE C,1,Primary-Assignment~1~01/05/2019,RS1,01-04-2024,31-03-2025
10,REG0000110,CHAN A,1,Primary-Assignment~1~04/04/2019,RS1,01-04-2024,31-03-2025
11,REG0000111,CHIN B,1,Primary-Assignment~1~08/05/2019,RS1,01-04-2024,31-03-2025
12,TEST000101,WON A,1,Primary-Assignment~1~01/01/2024,RS1,01-04-2024,31-03-2025
13,TEST000102,KANEI A,1,Primary-Assignment~1~01/01/2024,RS1,01-04-2024,31-03-2025
14,HDNU011734,EARNED DAY LV M,1,Primary-Assignment~1~01/04/2024,RS1,01-04-2024,31-03-2025
15,HDNU011869,SHORT HOUR LV S,1,Primary-Assignment~1~01/04/2024,RS1,01-04-2024,31-03-2025
16,HDNU011997,SPECIAL CMPOF LV S,1,Primary-Assignment~1~01/04/2024,RS1,01-04-2024,31-03-2025
17,HDNU011800,PRIVILEGE LV S,1,Primary-Assignment~1~01/04/2024,RS1,01-04-2024,31-03-2025
18,HDNU011483,MATERNITY LV S,1,Primary-Assignment~1~01/04/2024,RS1,01-04-2024,31-03-2025
19,HDNU011906,WEEKLY LV A,1,Primary-Assignment~1~01/04/2024,RS1,01-04-2024,31-03-2025
20,HDNU011957,WEEKLY PARA LV B,1,Primary-Assignment~1~01/04/2024,RS1,01-04-2024,31-03-2025
21,HDNU011880,EARNED OFF LV N,1,Primary-Assignment~1~01/01/2024,RS1,01-04-2024,31-03-2025
22,HDNU011894,PRIVILEGE OFF PB LV S,1,Primary-Assignment~1~01/01/2024,RS1,01-04-2024,31-03-2025
23,HDNU011939,EARNED ALL LV A,1,Primary-Assignment~1~01/01/2024,RS1,01-04-2024,31-03-2025
27,HDNU011961,EARNED OFF SLV E,1,Primary-Assignment~1~01/01/2024,RS1,01-04-2024,31-03-2025
28,HDNU011974,EARNED OFF PH SLV F,1,Primary-Assignment~1~01/01/2024,RS1,01-04-2024,31-03-2025
33,HDNU012024,EARNED OFF PLV K,1,Primary-Assignment~1~01/01/2024,RS1,01-04-2024,31-03-2025
34,HDNU012040,EARNED PH PLV L,1,Primary-Assignment~1~01/01/2024,RS1,01-04-2024,31-03-2025
35,HDNU012144,EXAM LV M,1,Primary-Assignment~1~01/01/2024,RS1,01-04-2024,31-03-2025
36,HDNU012165,PATERNITY ONE LV N,1,Primary-Assignment~1~01/01/2024,RS1,01-04-2024,31-03-2025
37,HDNU010906,PRIVILEGE LDM LV A,1,Primary-Assignment~1~01/01/2024,RS1,01-04-2024,31-03-2025
38,HDNU012214,EMERGENCY DOC LV B,1,Primary-Assignment~1~01/01/2024,RS1,01-04-2024,31-03-2025
39,HDNU012556,MATRENITY EDIT LV,1,Primary-Assignment~1~01/01/2024,RS1,01-04-2024,31-03-2025
40,HDNU012850,PAID APLY APR LV,1,Primary-Assignment~1~01/01/2024,RS1,01-04-2024,31-03-2025
41,HDNU012865,APLY PAID TILE APR,1,Primary-Assignment~1~01/01/2024,RS1,01-04-2024,31-03-2025
42,HDNU013756,APLY PAID DET LV,1,Primary-Assignment~1~01/01/2024,RS1,01-04-2024,31-03-2025
43,HDNU-12858,APLY PAID BULK LV,1,Primary-Assignment~1~01/01/2024,RS1,01-04-2024,31-03-2025
44,HDNU013829,APLY PAID APR CL,1,Primary-Assignment~1~01/01/2024,RS1,01-04-2024,31-03-2025
45,HDNU011569,EXPENSE BASE C,1,Primary-Assignment~1~01/01/2024,RS1,01-04-2024,31-03-2025
46,HDNU012387,EXPENSE MULTI CY,1,Primary-Assignment~1~01/01/2024,RS1,01-04-2024,31-03-2025
47,HDNU012502,EXPENSE MULTI CC,1,Primary-Assignment~1~01/01/2024,RS1,01-04-2024,31-03-2025
