LOGIN_CREDENTIALS,,,,,
LOGIN_ID,LOGIN_ID_1001,,,,
,Element,ELEMENT_VALUE,ACTION,DATA_VALUE,FIND_TYPE
,Username,ide_username_textfield_inputEl,Enter Text,dmuser,FindChildByXPath
,Password,ide_password_textfield_inputEl,Password Text,AVIATION0212$,
,Login,button_btnInnerEl,Click Button,,
END,,,,,
,,,,,
LOGIN_ID,LOGIN_ID_1002,,,,
,Element,ELEMENT_VALUE,ACTION,DATA_VALUE,FIND_TYPE
,Username,ide_username_textfield_inputEl,Enter Text,ramcouser,FindChildByXPath
,Password,ide_password_textfield_inputEl,Password Text,ramco3*,
,Login,button_btnInnerEl,Click Button,,
END,,,,,
