Key,Values
query,"use depdb
BEGIN TRAN
declare @p7 int
set @p7=0
exec SQL_ChgCtxt_rvw_BPCDetails_xmlrtr_QA @username=N'ramcouser',@rolename=N'ramcorole',@ouinstanceid=2,@LangID=1,@DepConfiguredAppName='webapplication',@hostname=N'172.27.4.123',@M_ErrorID=@p7 output
select @p7
ROLLBACK"
pageref,PoAddPo_PoAddPoMain_Control:PoAddPoMain
loginref,LOGIN_ID_1001
,
query,"use depdb
BEGIN TRAN
declare @p7 int
set @p7=0
exec SQL_ChgCtxt_rvw_BPCDetails_xmlrtr_QA @username=N'ramcouser',@rolename=N'ramcorole',@ouinstanceid=2,@LangID=1,@DepConfiguredAppName='webapplication',@hostname=N'172.27.4.123',@M_ErrorID=@p7 output
select @p7
ROLLBACK"
pageref,PoAddPo_PoAddPoMain_Control:PoAddPoMain
loginref,LOGIN_ID_1002
