﻿Sno,NavigationConfigID,Process Name,Component Name,Activity Name,Page Reference Name
1,NAV_ID_1001,Process 1,Component 1,Activity 1,PageRef_Control:page1
2,NAV_ID_1002,Process 1,Component 1,Activity 2,PageRef_Control:page1
3,NAV_ID_1003,Process 1,Component 2,Activity 1,PageRef_Control:page1
4,NAV_ID_1004,Process 1,Component 2,Activity 2,PageRef_Control:page1
5,NAV_ID_1005,Process 2,Component 1,Activity 1,PageRef_Control:page1
6,NAV_ID_1006,Process 2,Component 1,Activity 2,PageRef_Control:page1
7,NAV_ID_1007,Process 2,Component 2,Activity 1,PageRef_Control:page1
8,NAV_ID_1008,Process 2,Component 2,Activity 2,PageRef_Control:page1
9,NAV_ID_1009,Process 3,Component 1,Activity 1,PageRef_Control:page1
10,NAV_ID_1010,Process 3,Component 2,Activity 1,PageRef_Control:page1
